,imgNames,tagIndexWithinImage,x0,y0,x1,y1,tagConfidence,isDrinking,predictedText,textConfidence
0,177.jpg,0,1449.8485,570.3579,1490.6958,605.1185,0.9979221,0.9429648,3589,0.9999
1,204.jpg,0,991.6832,594.928,1060.2664,646.923,0.997757,0.9931606,3095,0.9999
